{"cameraMode":{"drawMode":0,"name":"Shaded","section":"Shading Mode"},"sceneLighting":false,"audioPlay":false,"sceneViewState":{"showFog":true,"showMaterialUpdate":false,"showSkybox":true,"showFlares":true,"showImageEffects":true,"showParticleSystems":true},"in2DMode":false,"pivot":{"x":-0.0012974739074707032,"y":0.16290640830993653,"z":-0.002108931541442871},"rotation":{"x":-0.049453455954790118,"y":0.7271208763122559,"z":-0.05266951769590378,"w":-0.6826972961425781},"size":3.429263114929199,"orthographic":false}