{"cameraMode":{"drawMode":0,"name":"Shaded","section":"Shading Mode"},"sceneLighting":false,"audioPlay":false,"sceneViewState":{"showFog":true,"showMaterialUpdate":false,"showSkybox":true,"showFlares":true,"showImageEffects":true,"showParticleSystems":true},"in2DMode":false,"pivot":{"x":-0.0012974739074707032,"y":0.16290640830993653,"z":-0.002108931541442871},"rotation":{"x":-0.5980774164199829,"y":0.0844460055232048,"z":-0.06357184052467346,"w":-0.7944375276565552},"size":4.329263210296631,"orthographic":false}