{"cameraMode":{"drawMode":0,"name":"Shaded","section":"Shading Mode"},"sceneLighting":true,"audioPlay":false,"sceneViewState":{"showFog":true,"showMaterialUpdate":false,"showSkybox":true,"showFlares":true,"showImageEffects":true,"showParticleSystems":true},"in2DMode":false,"pivot":{"x":7.450580596923828e-9,"y":0.36000001430511477,"z":0.5699999332427979},"rotation":{"x":-0.07852191478013993,"y":0.8255533576011658,"z":-0.11870516091585159,"w":-0.54608154296875},"size":4.640467643737793,"orthographic":false}